{
  "__type__": "cc.SpriteFrame",
  "content": {
    "name": "block1",
    "atlas": "",
    "rect": {
      "x": 0,
      "y": 1,
      "width": 2181,
      "height": 1912
    },
    "offset": {
      "x": -5,
      "y": -0.5
    },
    "originalSize": {
      "width": 2191,
      "height": 1913
    },
    "rotated": false,
    "capInsets": [
      0,
      0,
      0,
      0
    ],
    "vertices": {
      "rawPosition": [
        -1090.5,
        -956,
        0,
        1090.5,
        -956,
        0,
        -1090.5,
        956,
        0,
        1090.5,
        956,
        0
      ],
      "indexes": [
        0,
        1,
        2,
        2,
        1,
        3
      ],
      "uv": [
        0,
        1912,
        2181,
        1912,
        0,
        0,
        2181,
        0
      ],
      "nuv": [
        0,
        0,
        0.9954358740301232,
        0,
        0,
        0.9994772608468374,
        0.9954358740301232,
        0.9994772608468374
      ],
      "minPos": {
        "x": -1090.5,
        "y": -956,
        "z": 0
      },
      "maxPos": {
        "x": 1090.5,
        "y": 956,
        "z": 0
      }
    },
    "texture": "002f7c5b-e8e9-44dc-bc8c-32fc901ad898@6c48a",
    "packable": true,
    "pixelsToUnit": 100,
    "pivot": {
      "x": 0.5,
      "y": 0.5
    },
    "meshType": 0
  }
}